[
  {
    "total_chats": "0",
    "cp_leads": "0",
    "email": "00ravikiranwp155@mailinator.com",
    "c_rate": "0",
    "total_tickets": null
  },
  {
    "total_chats": "0",
    "cp_leads": "0",
    "email": "123ravikiran@mailinator.com",
    "c_rate": "0",
    "total_tickets": null
  },
  {
    "total_chats": "0",
    "cp_leads": "0",
    "email": "123test@gmail.com",
    "c_rate": "0",
    "total_tickets": null
  },
  {
    "total_chats": "0",
    "cp_leads": "0",
    "email": "234ravikirantesting@mailinator.com",
    "c_rate": "0",
    "total_tickets": null
  },
  {
    "total_chats": "0",
    "cp_leads": "0",
    "email": "9k9koik@dwo.sf",
    "c_rate": "0",
    "total_tickets": null
  },
  {
    "total_chats": "0",
    "cp_leads": "0",
    "email": "aaa@gmail.com",
    "c_rate": "0",
    "total_tickets": null
  },
  {
    "total_chats": "0",
    "cp_leads": "0",
    "email": "abcd@aa.com",
    "c_rate": "0",
    "total_tickets": null
  },
  {
    "total_chats": "0",
    "cp_leads": "0",
    "email": "adas@sfgd.sfds",
    "c_rate": "0",
    "total_tickets": null
  },
  {
    "total_chats": "0",
    "cp_leads": "0",
    "email": "adas@wed.afs",
    "c_rate": "0",
    "total_tickets": null
  },
  {
    "total_chats": "0",
    "cp_leads": "0",
    "email": "adsa@sf.asdfsf",
    "c_rate": "0",
    "total_tickets": null
  }
]